row,col,expected,actual,numeric_diff
0,0,﻿Operator ID,Operator ID,
0,34,Tax Code 1,,
0,35,Tax Type 1,,
0,36,Gross Tax 1,,
0,37,Net Tax 1,,
0,38,Tax Code 2,,
0,39,Tax Type 2,,
0,40,Gross Tax 2,,
0,41,Net Tax 2,,
0,42,Tax Code 3,,
0,43,Tax Type 3,,
0,44,Gross Tax 3,,
0,45,Net Tax 3,,
0,46,Tax Code 4,,
0,47,Tax Type 4,,
0,48,Gross Tax 4,,
0,49,Net Tax 4,,
0,50,Tax Code 5,,
0,51,Tax Type 5,,
0,52,Gross Tax 5,,
0,53,Net Tax 5,,
0,54,Tax Code 6,,
0,55,Tax Type 6,,
0,56,Gross Tax 6,,
0,57,Net Tax 6,,
0,58,Tax Code 7,,
0,59,Tax Type 7,,
0,60,Gross Tax 7,,
0,61,Net Tax 7,,
0,62,Tax Code 8,,
0,63,Tax Type 8,,
0,64,Gross Tax 8,,
0,65,Net Tax 8,,
0,66,Tax Code 9,,
0,67,Tax Type 9,,
0,68,Gross Tax 9,,
0,69,Net Tax 9,,
0,70,Tax Code 10,,
0,71,Tax Type 10,,
0,72,Gross Tax 10,,
0,73,Net Tax 10,,
0,74,Deduct Code 1,,
0,75,Deduct Type 1,,
0,76,Gross Deduct 1,,
0,77,Net Deduct 1,,
0,78,Deduct Code 2,,
0,79,Deduct Type 2,,
0,80,Gross Deduct 2,,
0,81,Net Deduct 2,,
0,82,Deduct Code 3,,
0,83,Deduct Type 3,,
0,84,Gross Deduct 3,,
0,85,Net Deduct 3,,
0,86,Deduct Code 4,,
0,87,Deduct Type 4,,
0,88,Gross Deduct 4,,
0,89,Net Deduct 4,,
0,90,Deduct Code 5,,
0,91,Deduct Type 5,,
0,92,Gross Deduct 5,,
0,93,Net Deduct 5,,
0,94,Deduct Code 6,,
0,95,Deduct Type 6,,
0,96,Gross Deduct 6,,
0,97,Net Deduct 6,,
0,98,Deduct Code 7,,
0,99,Deduct Type 7,,
0,100,Gross Deduct 7,,
0,101,Net Deduct 7,,
0,102,Deduct Code 8,,
0,103,Deduct Type 8,,
0,104,Gross Deduct 8,,
0,105,Net Deduct 8,,
0,106,Deduct Code 9,,
0,107,Deduct Type 9,,
0,108,Gross Deduct 9,,
0,109,Net Deduct 9,,
0,110,Deduct Code 10,,
0,111,Deduct Type 10,,
0,112,Gross Deduct 10,,
0,113,Net Deduct 10,,
0,114,Detail Line Notation,,
1,1,DIVERSIFIED,"DIVERSIFIED PRODUCTION, LLC",
1,2,Wilson Johnson Family,WILSON-JOHNSON FAMILY LLC 4150 BELDEN VILLAGE ST NW STE 401,
1,5,1/27/2026,"January 27, 2026",
1,6,"1,031.33",1031.33,
1,7,1119847.01,,
1,8,4703305324,,
1,12,FORTNEY D 157,,
1,13,WV,,
1,14,HARRISON,,
1,16,Gas,,
1,18,Royalty Interest,,
1,19,0.0625,,
1,20,0.0625,,
1,21,11/30/2025,,
1,22,2.63,,
1,23,1,,
1,24,605.27,,
1,25,"1,593.71",,
1,26,0,,
1,27,0,,
1,28,"1,593.71",,
1,29,37.83,,
1,30,99.61,,
1,31,0,,
1,32,0,,
1,33,99.61,,
2,1,DIVERSIFIED,"DIVERSIFIED PRODUCTION, LLC",
2,2,Wilson Johnson Family,WILSON-JOHNSON FAMILY LLC 4150 BELDEN VILLAGE ST NW STE 401,
2,5,1/27/2026,"January 27, 2026",
2,6,"1,031.33",1031.33,
2,7,1119848.01,1119847.01,1.0
2,8,4703305325,4703305324,1.0
2,16,Gas,,
2,18,Royalty Interest,ROYALTY INTEREST,
2,21,11/30/2025,Nov 25,
2,22,3.61,2.63,0.98
2,23,1.37,1.0002,0.36980000000000013
2,24,128.17,605.27,-477.1
2,25,462.54,1593.71,-1131.17
2,26,0,,
2,27,0,,
2,28,462.54,,
2,29,8.01,37.83,-29.82
2,30,28.91,99.61,-70.7
2,31,0,,
2,32,0,,
2,33,28.91,,
3,1,DIVERSIFIED,"DIVERSIFIED PRODUCTION, LLC",
3,2,Wilson Johnson Family,WILSON-JOHNSON FAMILY LLC 4150 BELDEN VILLAGE ST NW STE 401,
3,5,1/27/2026,"January 27, 2026",
3,6,"1,031.33",1031.33,
3,7,1124269.01,1119848.01,4421.0
3,8,4701704008,4703305325,-1601317.0
3,12,CUMBERLEDGE 1 L,FORTNEY D 157,
3,14,DODDRIDGE,HARRISON,
3,16,Gas,,
3,18,Royalty Interest,ROYALTY INTEREST,
3,19,0.00345982,0.0625,-0.05904018
3,20,0.00345982,0.0625,-0.05904018
3,21,6/30/2025,Nov 25,
3,22,2.54,3.61,-1.0699999999999998
3,23,1.29,1.3709,-0.08089999999999997
3,24,-82.02,128.17,-210.19
3,25,-208.48,462.54,-671.02
3,26,0,,
3,27,0,,
3,28,-208.48,,
3,29,-0.28,8.01,-8.29
3,30,-0.72,28.91,-29.63
3,31,0,,
3,32,0,,
3,33,-0.72,,
4,1,DIVERSIFIED,"DIVERSIFIED PRODUCTION, LLC",
4,2,Wilson Johnson Family,WILSON-JOHNSON FAMILY LLC 4150 BELDEN VILLAGE ST NW STE 401,
4,5,1/27/2026,"January 27, 2026",
4,6,"1,031.33",1031.33,
4,16,Gas,,
4,18,Royalty Interest,ROYALTY INTEREST,
4,21,5/31/2025,Jun 25,
4,22,2.96,2.54,0.41999999999999993
4,23,1.29,1.2855,0.0044999999999999485
4,24,69.47,-82.02,151.49
4,25,205.35,-208.48,413.83
4,26,0,,
4,27,0,,
4,28,205.35,,
4,29,0.24,-0.28,0.52
4,30,0.71,-0.72,1.43
4,31,0,,
4,32,0,,
4,33,0.71,,
5,1,DIVERSIFIED,"DIVERSIFIED PRODUCTION, LLC",
5,2,Wilson Johnson Family,WILSON-JOHNSON FAMILY LLC 4150 BELDEN VILLAGE ST NW STE 401,
5,5,1/27/2026,"January 27, 2026",
5,6,"1,031.33",1031.33,
5,16,Gas,,
5,18,Royalty Interest,ROYALTY INTEREST,
5,21,6/30/2025,May 25,
5,22,2.55,2.96,-0.41000000000000014
5,23,1.29,1.2863,0.0037000000000000366
5,24,74.3,69.47,4.829999999999998
5,25,189.81,205.35,-15.539999999999992
5,26,0,,
5,27,0,,
5,28,189.81,,
5,29,0.26,0.24,0.020000000000000018
5,30,0.66,0.71,-0.04999999999999993
5,31,0,,
5,32,0,,
5,33,0.66,,
6,1,DIVERSIFIED,"DIVERSIFIED PRODUCTION, LLC",
6,2,Wilson Johnson Family,WILSON-JOHNSON FAMILY LLC 4150 BELDEN VILLAGE ST NW STE 401,
6,5,1/27/2026,"January 27, 2026",
6,6,"1,031.33",1031.33,
6,16,Gas,,
6,18,Royalty Interest,ROYALTY INTEREST,
6,21,7/31/2025,Jun 25,
6,22,2.68,2.55,0.13000000000000034
6,23,1.31,1.2921,0.017900000000000027
6,24,-67.54,74.3,-141.84
6,25,-181.12,189.81,-370.93
6,26,0,,
6,27,0,,
6,28,-181.12,,
6,29,-0.23,0.26,-0.49
6,30,-0.63,0.66,-1.29
6,31,0,,
6,32,0,,
6,33,-0.63,,
7,1,DIVERSIFIED,"DIVERSIFIED PRODUCTION, LLC",
7,2,Wilson Johnson Family,WILSON-JOHNSON FAMILY LLC 4150 BELDEN VILLAGE ST NW STE 401,
7,5,1/27/2026,"January 27, 2026",
7,6,"1,031.33",1031.33,
7,16,Gas,,
7,18,Royalty Interest,ROYALTY INTEREST,
7,21,3/31/2025,Jul 25,
7,22,4.36,2.68,1.6800000000000002
7,23,1.32,1.3115,0.008499999999999952
7,24,-70.44,-67.54,-2.8999999999999915
7,25,-306.89,-181.12,-125.76999999999998
7,26,0,,
7,27,0,,
7,28,-306.89,,
7,29,-0.24,-0.23,-0.009999999999999981
7,30,-1.06,-0.63,-0.43000000000000005
7,31,0,,
7,32,0,,
7,33,-1.06,,
8,1,DIVERSIFIED,"DIVERSIFIED PRODUCTION, LLC",
8,2,Wilson Johnson Family,WILSON-JOHNSON FAMILY LLC 4150 BELDEN VILLAGE ST NW STE 401,
8,5,1/27/2026,"January 27, 2026",
8,6,"1,031.33",1031.33,
8,16,Gas,,
8,18,Royalty Interest,ROYALTY INTEREST,
8,21,5/31/2025,Mar 25,
8,22,3.04,4.36,-1.3200000000000003
8,24,-72.37,-70.44,-1.9300000000000068
8,25,-219.99,-306.89,86.89999999999998
8,26,0,,
8,27,0,,
8,28,-219.99,,
8,29,-0.25,-0.24,-0.010000000000000009
8,30,-0.76,-1.06,0.30000000000000004
8,31,0,,
8,32,0,,
8,33,-0.76,,
9,1,DIVERSIFIED,"DIVERSIFIED PRODUCTION, LLC",
9,2,Wilson Johnson Family,WILSON-JOHNSON FAMILY LLC 4150 BELDEN VILLAGE ST NW STE 401,
9,5,1/27/2026,"January 27, 2026",
9,6,"1,031.33",1031.33,
9,16,Gas,,
9,18,Royalty Interest,ROYALTY INTEREST,
9,21,7/31/2025,May 25,
9,22,2.72,3.04,-0.31999999999999984
9,23,1.33,1.3228,0.007200000000000095
9,24,63.68,-72.37,136.05
9,25,173.41,-219.99,393.4
9,26,0,,
9,27,0,,
9,28,173.41,,
9,29,0.22,-0.25,0.47
9,30,0.6,-0.76,1.3599999999999999
9,31,0,,
9,32,0,,
9,33,0.6,,
10,1,DIVERSIFIED,"DIVERSIFIED PRODUCTION, LLC",
10,2,Wilson Johnson Family,WILSON-JOHNSON FAMILY LLC 4150 BELDEN VILLAGE ST NW STE 401,
10,5,1/27/2026,"January 27, 2026",
10,6,"1,031.33",1031.33,
10,16,Gas,,
10,18,Royalty Interest,ROYALTY INTEREST,
10,21,4/30/2025,Jul 25,
10,22,3.82,2.72,1.0999999999999996
10,23,1.35,1.3318,0.018199999999999994
10,24,-68.51,63.68,-132.19
10,25,-261.85,173.41,-435.26
10,26,0,,
10,27,0,,
10,28,-261.85,,
10,29,-0.24,0.22,-0.45999999999999996
10,30,-0.91,0.6,-1.51
10,31,0,,
10,32,0,,
10,33,-0.91,,
11,1,DIVERSIFIED,"DIVERSIFIED PRODUCTION, LLC",
11,2,Wilson Johnson Family,WILSON-JOHNSON FAMILY LLC 4150 BELDEN VILLAGE ST NW STE 401,
11,5,1/27/2026,"January 27, 2026",
11,6,"1,031.33",1031.33,
11,16,Gas,,
11,18,Royalty Interest,ROYALTY INTEREST,
11,21,2/28/2025,Apr 25,
11,22,4.38,3.82,0.56
11,23,1.35,1.3465,0.0035000000000000586
11,24,-66.58,-68.51,1.9300000000000068
11,25,-291.95,-261.85,-30.099999999999966
11,26,0,,
11,27,0,,
11,28,-291.95,,
11,29,-0.23,-0.24,0.009999999999999981
11,30,-1.01,-0.91,-0.09999999999999998
11,31,0,,
11,32,0,,
11,33,-1.01,,
12,1,DIVERSIFIED,"DIVERSIFIED PRODUCTION, LLC",
12,2,Wilson Johnson Family,WILSON-JOHNSON FAMILY LLC 4150 BELDEN VILLAGE ST NW STE 401,
12,5,1/27/2026,"January 27, 2026",
12,6,"1,031.33",1031.33,
12,16,Gas,,
12,18,Royalty Interest,ROYALTY INTEREST,
12,21,3/31/2025,Feb 25,
12,22,4.48,4.38,0.10000000000000053
12,23,1.36,1.3488,0.011200000000000099
12,24,66.58,-66.58,133.16
12,25,298.57,-291.95,590.52
12,26,0,,
12,27,0,,
12,28,298.57,,
12,29,0.23,-0.23,0.46
12,30,1.03,-1.01,2.04
12,31,0,,
12,32,0,,
12,33,1.03,,
13,1,DIVERSIFIED,"DIVERSIFIED PRODUCTION, LLC",
13,2,Wilson Johnson Family,WILSON-JOHNSON FAMILY LLC,
13,5,1/27/2026,"January 27, 2026",
13,6,"1,031.33",1031.33,
13,16,Gas,,
13,18,Royalty Interest,,
13,19,0.00345982,,
13,20,0.00345982,,
13,21,1/31/2025,,
13,22,4.13,,
13,23,1.37,,
13,24,-63.68,,
13,25,-262.95,,
13,26,0,,
13,27,0,,
13,28,-262.95,,
13,29,-0.22,,
13,30,-0.91,,
13,31,0,,
13,32,0,,
13,33,-0.91,,
14,1,DIVERSIFIED,"DIVERSIFIED PRODUCTION, LLC",
14,2,Wilson Johnson Family,WILSON-JOHNSON FAMILY LLC,
14,5,1/27/2026,"January 27, 2026",
14,6,"1,031.33",1031.33,
14,16,Gas,,
14,18,Royalty Interest,ROYALTY INTEREST,
14,21,4/30/2025,Mar 25,
14,22,3.9,4.48,-0.5800000000000005
14,23,1.37,1.3587,0.011300000000000088
14,24,59.82,66.58,-6.759999999999998
14,25,233.1,298.57,-65.47
14,26,0,,
14,27,0,,
14,28,233.1,,
14,29,0.21,0.23,-0.020000000000000018
14,30,0.81,1.03,-0.21999999999999997
14,31,0,,
14,32,0,,
14,33,0.81,,
15,1,DIVERSIFIED,"DIVERSIFIED PRODUCTION, LLC",
15,2,Wilson Johnson Family,WILSON-JOHNSON FAMILY LLC,
15,5,1/27/2026,"January 27, 2026",
15,6,"1,031.33",1031.33,
15,16,Gas,,
15,18,Royalty Interest,ROYALTY INTEREST,
15,21,2/28/2025,Jan 25,
15,22,4.47,4.13,0.33999999999999986
15,23,1.37,1.3703,-0.00029999999999996696
15,24,58.86,-63.68,122.53999999999999
15,25,263.05,-262.95,526.0
15,26,0,,
15,27,0,,
15,28,263.05,,
15,29,0.2,-0.22,0.42000000000000004
15,30,0.91,-0.91,1.82
15,31,0,,
15,32,0,,
15,33,0.91,,
16,1,DIVERSIFIED,"DIVERSIFIED PRODUCTION, LLC",
16,2,Wilson Johnson Family,WILSON-JOHNSON FAMILY LLC,
16,5,1/27/2026,"January 27, 2026",
16,6,"1,031.33",1031.33,
16,16,Gas,,
16,18,Royalty Interest,ROYALTY INTEREST,
16,21,8/31/2025,Apr 25,
16,22,2.99,3.9,-0.9099999999999997
16,23,1.39,1.3728,0.017199999999999882
16,24,-54.03,59.82,-113.85
16,25,-161.73,233.1,-394.83
16,26,0,,
16,27,0,,
16,28,-161.73,,
16,29,-0.19,0.21,-0.4
16,30,-0.56,0.81,-1.37
16,31,0,,
16,32,0,,
16,33,-0.56,,
17,1,DIVERSIFIED,"DIVERSIFIED PRODUCTION, LLC",
17,2,Wilson Johnson Family,WILSON-JOHNSON FAMILY LLC,
17,5,1/27/2026,"January 27, 2026",
17,6,"1,031.33",1031.33,
17,16,Gas,,
17,18,Royalty Interest,ROYALTY INTEREST,
17,21,11/30/2025,Feb 25,
17,22,3.72,4.47,-0.7499999999999996
17,23,1.41,1.3746,0.035399999999999876
17,24,54.03,58.86,-4.829999999999998
17,25,200.93,263.05,-62.120000000000005
17,26,0,,
17,27,0,,
17,28,200.93,,
17,29,0.19,0.2,-0.010000000000000009
17,30,0.7,0.91,-0.21000000000000008
17,31,0,,
17,32,0,,
17,33,0.7,,
18,1,DIVERSIFIED,"DIVERSIFIED PRODUCTION, LLC",
18,2,Wilson Johnson Family,WILSON-JOHNSON FAMILY LLC,
18,5,1/27/2026,"January 27, 2026",
18,6,"1,031.33",1031.33,
18,16,Gas,,
18,18,Royalty Interest,ROYALTY INTEREST,
18,21,8/31/2025,Aug 25,
18,22,3.06,2.99,0.06999999999999984
18,23,1.42,1.3905,0.02949999999999986
18,24,57.89,-54.03,111.92
18,25,177.12,-161.73,338.85
18,26,0,,
18,27,0,,
18,28,177.12,,
18,29,0.2,-0.19,0.39
18,30,0.61,-0.56,1.17
18,31,0,,
18,32,0,,
18,33,0.61,,
19,1,DIVERSIFIED,"DIVERSIFIED PRODUCTION, LLC",
19,2,Wilson Johnson Family,WILSON-JOHNSON FAMILY LLC,
19,5,1/27/2026,"January 27, 2026",
19,6,"1,031.33",1031.33,
19,16,Gas,,
19,18,Royalty Interest,ROYALTY INTEREST,
19,21,1/31/2025,Nov 25,
19,22,4.3,3.72,0.5799999999999996
19,23,1.43,1.4127,0.01729999999999987
19,24,55.96,54.03,1.9299999999999997
19,25,240.77,200.93,39.84
19,26,0,,
19,27,0,,
19,28,240.77,,
19,30,0.83,0.7,0.13
19,31,0,,
19,32,0,,
19,33,0.83,,
20,1,DIVERSIFIED,"DIVERSIFIED PRODUCTION, LLC",
20,2,Wilson Johnson Family,WILSON-JOHNSON FAMILY LLC,
20,5,1/27/2026,"January 27, 2026",
20,6,"1,031.33",1031.33,
20,7,1128152.01,1124269.01,3883.0
20,8,4701704652,4701704008,644.0
20,12,FORD 1,CUMBERLEDGE 1 L,
20,16,Gas,,
20,18,Royalty Interest,ROYALTY INTEREST,
20,19,0.00162337,0.00345982,-0.00183645
20,20,0.00162337,0.00345982,-0.00183645
20,21,7/31/2025,Aug 25,
20,22,2.59,3.06,-0.4700000000000002
20,23,1.18,1.4213,-0.24130000000000007
20,24,92.12,57.89,34.230000000000004
20,25,239.02,177.12,61.900000000000006
20,26,0,,
20,27,0,,
20,28,239.02,,
20,29,0.15,0.2,-0.05000000000000002
20,30,0.39,0.61,-0.21999999999999997
20,31,0,,
20,32,0,,
20,33,0.39,,
21,1,DIVERSIFIED,"DIVERSIFIED PRODUCTION, LLC",
21,2,Wilson Johnson Family,WILSON-JOHNSON FAMILY LLC,
21,5,1/27/2026,"January 27, 2026",
21,6,"1,031.33",1031.33,
21,7,1128152.01,1124269.01,3883.0
21,8,4701704652,4701704008,644.0
21,12,FORD 1,CUMBERLEDGE 1 L,
21,16,Gas,,
21,18,Royalty Interest,ROYALTY INTEREST,
21,19,0.00162337,0.00345982,-0.00183645
21,20,0.00162337,0.00345982,-0.00183645
21,21,7/31/2025,Jan 25,
21,22,2.63,4.3,-1.67
21,23,1.19,1.4278,-0.2378
21,24,-131.6,55.96,-187.56
21,25,-345.69,240.77,-586.46
21,26,0,,
21,27,0,,
21,28,-345.69,,
21,29,-0.21,0.19,-0.4
21,30,-0.56,0.83,-1.3900000000000001
21,31,0,,
21,32,0,,
21,33,-0.56,,
22,1,DIVERSIFIED,"DIVERSIFIED PRODUCTION, LLC",
22,2,Wilson Johnson Family,WILSON-JOHNSON FAMILY LLC,
22,5,1/27/2026,"January 27, 2026",
22,6,"1,031.33",1031.33,
22,16,Gas,,
22,18,Royalty Interest,ROYALTY INTEREST,
22,21,11/30/2025,Jul 25,
22,22,3.43,2.59,0.8400000000000003
22,23,1.19,1.1776,0.012399999999999967
22,24,91.18,92.12,-0.9399999999999977
22,25,312.88,239.02,73.85999999999999
22,26,0,,
22,27,0,,
22,28,312.88,,
22,30,0.51,0.39,0.12
22,31,0,,
22,32,0,,
22,33,0.51,,
23,1,DIVERSIFIED,"DIVERSIFIED PRODUCTION, LLC",
23,2,Wilson Johnson Family,WILSON-JOHNSON FAMILY LLC,
23,5,1/27/2026,"January 27, 2026",
23,6,"1,031.33",1031.33,
23,7,1146806.01,1128152.01,18654.0
23,8,4701701804,4701704652,-2848.0
23,12,PEARCY C,FORD 1,
23,16,Gas,,
23,18,Royalty Interest,ROYALTY INTEREST,
23,19,0.075,0.00162337,0.07337663
23,20,0.075,0.00162337,0.07337663
23,21,11/30/2025,Jul 25,
23,22,3.23,2.63,0.6000000000000001
23,23,1.23,1.1922,0.037800000000000056
23,24,143.31,-131.6,274.90999999999997
23,25,462.83,-345.69,808.52
23,26,0,,
23,27,0,,
23,28,462.83,,
23,29,10.75,-0.21,10.96
23,30,34.71,-0.56,35.27
23,31,0,,
23,32,0,,
23,33,34.71,,
24,1,DIVERSIFIED,"DIVERSIFIED PRODUCTION, LLC",
24,2,Wilson Johnson Family,WILSON-JOHNSON FAMILY LLC,
24,5,1/27/2026,"January 27, 2026",
24,6,"1,031.33",1031.33,
24,7,1146911.01,1128152.01,18759.0
24,8,4701703265,4701704652,-1387.0
24,12,WALTON 1 SGC,FORD 1,
24,16,Gas,,
24,18,Royalty Interest,ROYALTY INTEREST,
24,19,0.003125,0.00162337,0.0015016300000000001
24,20,0.003125,0.00162337,0.0015016300000000001
24,21,11/30/2025,Nov 25,
24,22,3.11,3.43,-0.3200000000000003
24,23,1.18,1.1936,-0.013600000000000056
24,24,242.11,91.18,150.93
24,25,752.22,312.88,439.34000000000003
24,26,0,,
24,27,0,,
24,28,752.22,,
24,29,0.76,0.15,0.61
24,30,2.35,0.51,1.84
24,31,0,,
24,32,0,,
24,33,2.35,,
25,1,DIVERSIFIED,"DIVERSIFIED PRODUCTION, LLC",
25,2,Wilson Johnson Family,WILSON-JOHNSON FAMILY LLC,
25,5,1/27/2026,"January 27, 2026",
25,6,"1,031.33",1031.33,
25,7,1146922.01,1146806.01,116.0
25,8,4701703297,4701701804,1493.0
25,12,HINKLE A1,PEARCY C L,
25,16,Gas,,
25,18,Royalty Interest,ROYALTY INTEREST,
25,19,0.000118,0.075,-0.074882
25,20,0.000118,0.075,-0.074882
25,21,11/30/2025,Nov 25,
25,22,3.09,3.23,-0.14000000000000012
25,23,1.18,1.2269,-0.046900000000000164
25,24,624.85,143.31,481.54
25,25,"1,933.05",462.83,
25,26,0,,
25,27,0,,
25,28,"1,933.05",,
25,29,0.07,10.75,-10.68
25,30,0.23,34.71,-34.480000000000004
25,31,0,,
25,32,0,,
25,33,0.23,,
26,1,DIVERSIFIED,"DIVERSIFIED PRODUCTION, LLC",
26,2,Wilson Johnson Family,WILSON-JOHNSON FAMILY LLC,
26,5,1/27/2026,"January 27, 2026",
26,6,"1,031.33",1031.33,
26,7,1146940.01,1146911.01,29.0
26,8,4701703413,4701703265,148.0
26,12,SMITH J W 0458,WALTON 1 SGC,
26,16,Gas,,
26,18,Royalty Interest,ROYALTY INTEREST,
26,19,0.010176,0.003125,0.007050999999999999
26,20,0.010176,0.003125,0.007050999999999999
26,21,11/30/2025,Nov 25,
26,22,3.2,3.11,0.0900000000000003
26,23,1.22,1.1801,0.03990000000000005
26,24,94.35,242.11,-147.76000000000002
26,25,302.26,752.22,-449.96000000000004
26,26,0,,
26,27,0,,
26,28,302.26,,
26,29,0.96,0.76,0.19999999999999996
26,30,3.08,2.35,0.73
26,31,0,,
26,32,0,,
26,33,3.08,,
27,1,DIVERSIFIED,"DIVERSIFIED PRODUCTION, LLC",
27,2,Wilson Johnson Family,WILSON-JOHNSON FAMILY LLC,
27,5,1/27/2026,"January 27, 2026",
27,6,"1,031.33",1031.33,
27,7,1146950.01,1146922.01,28.0
27,8,4701703435,4701703297,138.0
27,12,SMITH J W 1608,HINKLE A 1,
27,16,Gas,,
27,18,Royalty Interest,ROYALTY INTEREST,
27,19,0.010176,0.000118,0.010058
27,20,0.010176,0.000118,0.010058
27,21,11/30/2025,Nov 25,
27,22,3.24,3.09,0.15000000000000036
27,23,1.23,1.1752,0.05479999999999996
27,24,393.42,624.85,-231.43
27,25,"1,274.38",1933.05,
27,26,0,,
27,27,0,,
27,28,"1,274.38",,
27,29,4,0.07,3.93
27,30,12.97,0.23,12.74
27,31,0,,
27,32,0,,
27,33,12.97,,
28,1,DIVERSIFIED,"DIVERSIFIED PRODUCTION, LLC",
28,2,Wilson Johnson Family,WILSON-JOHNSON FAMILY LLC,
28,5,1/27/2026,"January 27, 2026",
28,6,"1,031.33",1031.33,
28,7,1146952.01,1146940.01,12.0
28,8,4701703439,4701703413,26.0
28,12,HLS1610,SMITH J W 0458,
28,16,Gas,,
28,18,Royalty Interest,ROYALTY INTEREST,
28,21,11/30/2025,Nov 25,
28,22,3.29,3.2,0.08999999999999986
28,23,1.25,1.2169,0.03309999999999991
28,24,439.71,94.35,345.36
28,25,"1,445.91",302.26,
28,26,0,,
28,27,0,,
28,28,"1,445.91",,
28,29,4.47,0.96,3.51
28,30,14.71,3.08,11.63
28,31,0,,
28,32,0,,
28,33,14.71,,
29,1,DIVERSIFIED,"DIVERSIFIED PRODUCTION, LLC",
29,2,Wilson Johnson Family,WILSON-JOHNSON FAMILY LLC,
29,5,1/27/2026,"January 27, 2026",
29,6,"1,031.33",1031.33,
29,7,1146953.01,1146940.01,13.0
29,8,4701703441,4701703413,28.0
29,12,SMITH J W 1918,SMITH J W 0458,
29,16,Gas,,
29,18,Royalty Interest,,
29,19,0.010176,,
29,20,0.010176,,
29,21,11/30/2025,,
29,22,3.24,,
29,23,1.23,,
29,24,447.72,,
29,25,"1,450.85",,
29,26,0,,
29,27,0,,
29,28,"1,450.85",,
29,29,4.56,,
29,30,14.76,,
29,31,0,,
29,32,0,,
29,33,14.76,,
30,1,DIVERSIFIED,"DIVERSIFIED PRODUCTION, LLC",
30,2,Wilson Johnson Family,WILSON-JOHNSON FAMILY LLC,
30,5,1/27/2026,"January 27, 2026",
30,6,"1,031.33",1031.33,
30,7,1146954.01,1146950.01,4.0
30,8,4701703442,4701703435,7.0
30,12,SMITH JW 1919,SMITH J W 1608,
30,16,Gas,,
30,18,Royalty Interest,ROYALTY INTEREST,
30,21,11/30/2025,Nov 25,
30,23,1.23,1.2304,-0.00039999999999995595
30,24,544.74,393.42,151.32
30,25,"1,764.57",1274.38,
30,26,0,,
30,27,0,,
30,28,"1,764.57",,
30,29,5.54,4.0,1.54
30,30,17.96,12.97,4.99
30,31,0,,
30,32,0,,
30,33,17.96,,
31,1,DIVERSIFIED,"DIVERSIFIED PRODUCTION, LLC",
31,2,Wilson Johnson Family,WILSON-JOHNSON FAMILY LLC,
31,5,1/27/2026,"January 27, 2026",
31,6,"1,031.33",1031.33,
31,7,1146988.01,1146952.01,36.0
31,8,4701703534,4701703439,95.0
31,12,SMITH JW 6,SMITH J 1,
31,16,Gas,,
31,18,Royalty Interest,ROYALTY INTEREST,
31,21,11/30/2025,Nov 25,
31,22,3.36,3.29,0.06999999999999984
31,23,1.28,1.249,0.030999999999999917
31,24,370.28,439.71,-69.43
31,25,"1,245.93",1445.91,
31,26,0,,
31,27,0,,
31,28,"1,245.93",,
31,29,3.77,4.47,-0.6999999999999997
31,30,12.68,14.71,-2.030000000000001
31,31,0,,
31,32,0,,
31,33,12.68,,
32,1,DIVERSIFIED,"DIVERSIFIED PRODUCTION, LLC",
32,2,Wilson Johnson Family,WILSON-JOHNSON FAMILY LLC,
32,5,1/27/2026,"January 27, 2026",
32,6,"1,031.33",1031.33,
32,7,1146995.01,1146953.01,42.0
32,8,4701703547,4701703441,106.0
32,12,WANSTREET J 7,SMITH J W 1918,
32,16,Gas,,
32,18,Royalty Interest,ROYALTY INTEREST,
32,19,0.00243,0.010176,-0.007745999999999999
32,20,0.00243,0.010176,-0.007745999999999999
32,21,11/30/2025,Nov 25,
32,22,3.26,3.24,0.019999999999999574
32,23,1.24,1.2309,0.009099999999999886
32,24,175.35,447.72,-272.37
32,25,571.7,1450.85,-879.1499999999999
32,26,0,,
32,27,0,,
32,28,571.7,,
32,29,0.43,4.56,-4.13
32,30,1.39,14.76,-13.37
32,31,0,,
32,32,0,,
32,33,1.39,,
33,1,DIVERSIFIED,"DIVERSIFIED PRODUCTION, LLC",
33,2,Wilson Johnson Family,WILSON-JOHNSON FAMILY LLC,
33,5,1/27/2026,"January 27, 2026",
33,6,"1,031.33",1031.33,
33,7,1147192.01,1146954.01,238.0
33,8,4701705012,4701703442,1570.0
33,12,PEARCY G L 14118,SMITH J W 1919,
33,16,Gas,,
33,18,Royalty Interest,ROYALTY INTEREST,
33,19,0.075,0.010176,0.06482399999999999
33,20,0.075,0.010176,0.06482399999999999
33,21,11/30/2025,Nov 25,
33,22,3.22,3.24,-0.020000000000000018
33,23,1.22,1.2304,-0.010399999999999965
33,24,448.61,544.74,-96.13
33,25,"1,445.40",1764.57,
33,26,0,,
33,27,0,,
33,28,"1,445.40",,
33,29,33.65,5.54,28.11
33,30,108.41,17.96,90.44999999999999
33,31,0,,
33,32,0,,
33,33,108.41,,
34,1,DIVERSIFIED,"DIVERSIFIED PRODUCTION, LLC",
34,2,Wilson Johnson Family,WILSON-JOHNSON FAMILY LLC,
34,5,1/27/2026,"January 27, 2026",
34,6,"1,031.33",1031.33,
34,7,1147194.01,1146988.01,206.0
34,8,4701705019,4701703534,1485.0
34,12,PEARCY G L 14117,SMITH J W 6,
34,16,Gas,,
34,18,Royalty Interest,ROYALTY INTEREST,
34,19,0.075,0.010176,0.06482399999999999
34,20,0.075,0.010176,0.06482399999999999
34,21,11/30/2025,Nov 25,
34,22,3.23,3.36,-0.1299999999999999
34,23,1.23,1.2781,-0.04810000000000003
34,24,242.11,370.28,-128.16999999999996
34,25,781.48,1245.93,-464.45000000000005
34,26,0,,
34,27,0,,
34,28,781.48,,
34,29,18.16,3.77,14.39
34,30,58.61,12.68,45.93
34,31,0,,
34,32,0,,
34,33,58.61,,
35,1,DIVERSIFIED,"DIVERSIFIED PRODUCTION, LLC",
35,2,Wilson Johnson Family,WILSON-JOHNSON FAMILY LLC,
35,5,1/27/2026,"January 27, 2026",
35,6,"1,031.33",1031.33,
35,7,1147197.01,1146995.01,202.0
35,8,4701705024,4701703547,1477.0
35,12,OFFUTT EUGENE 7187,WANSTREET J 7,
35,16,Gas,,
35,18,Royalty Interest,ROYALTY INTEREST,
35,19,0.01785715,0.00243,0.015427149999999999
35,20,0.01785715,0.00243,0.015427149999999999
35,21,11/30/2025,Nov 25,
35,22,3.02,3.26,-0.23999999999999977
35,23,1.15,1.2386,-0.08860000000000001
35,24,141.53,175.35,-33.81999999999999
35,25,427.55,571.7,-144.15000000000003
35,26,0,,
35,27,0,,
35,28,427.55,,
35,29,2.53,0.43,2.0999999999999996
35,30,7.63,1.39,6.24
35,31,0,,
35,32,0,,
35,33,7.63,,
36,1,DIVERSIFIED,"DIVERSIFIED PRODUCTION, LLC",
36,2,Wilson Johnson Family,WILSON-JOHNSON FAMILY LLC,
36,5,1/27/2026,"January 27, 2026",
36,6,"1,031.33",1031.33,
36,7,1147204.01,1147192.01,12.0
36,8,4701705055,4701705012,43.0
36,12,SMITH J W 14258,PEARCY G L 14118,
36,16,Gas,,
36,18,Royalty Interest,ROYALTY INTEREST,
36,19,0.010176,0.075,-0.06482399999999999
36,20,0.010176,0.075,-0.06482399999999999
36,21,11/30/2025,Nov 25,
36,22,3.24,3.22,0.020000000000000018
36,23,1.23,1.224,0.006000000000000005
36,24,196.71,448.61,-251.9
36,25,637.22,1445.4,-808.1800000000001
36,26,0,,
36,27,0,,
36,28,637.22,,
36,29,2,33.65,-31.65
36,30,6.48,108.41,-101.92999999999999
36,31,0,,
36,32,0,,
36,33,6.48,,
37,1,DIVERSIFIED,"DIVERSIFIED PRODUCTION, LLC",
37,2,Wilson Johnson Family,WILSON-JOHNSON FAMILY LLC,
37,5,1/27/2026,"January 27, 2026",
37,6,"1,031.33",1031.33,
37,7,1147205.01,1147192.01,13.0
37,8,4701705068,4701705012,56.0
37,12,SMITH J W 14257,PEARCY G L 14118,
37,16,Gas,,
37,18,Royalty Interest,,
37,19,0.010176,,
37,20,0.010176,,
37,21,11/30/2025,,
37,22,3.24,,
37,23,1.23,,
37,24,423.69,,
37,25,"1,372.43",,
37,26,0,,
37,27,0,,
37,28,"1,372.43",,
37,29,4.31,,
37,30,13.97,,
37,31,0,,
37,32,0,,
37,33,13.97,,
38,1,DIVERSIFIED,"DIVERSIFIED PRODUCTION, LLC",
38,2,Wilson Johnson Family,WILSON-JOHNSON FAMILY LLC,
38,5,1/27/2026,"January 27, 2026",
38,6,"1,031.33",1031.33,
38,7,1147221.01,1147194.01,27.0
38,8,4701705144,4701705019,125.0
38,12,BROADWATER F R 14259,PEARCY G L 14117,
38,16,Gas,,
38,18,Royalty Interest,ROYALTY INTEREST,
38,19,0.010176,0.075,-0.06482399999999999
38,20,0.010176,0.075,-0.06482399999999999
38,21,11/30/2025,Nov 25,
38,22,3.32,3.23,0.08999999999999986
38,23,1.26,1.2262,0.03380000000000005
38,24,603.49,242.11,361.38
38,25,"2,002.75",781.48,
38,26,0,,
38,27,0,,
38,28,"2,002.75",,
38,29,6.14,18.16,-12.02
38,30,20.38,58.61,-38.230000000000004
38,31,0,,
38,32,0,,
38,33,20.38,,
39,1,DIVERSIFIED,"DIVERSIFIED PRODUCTION, LLC",
39,2,Wilson Johnson Family,WILSON-JOHNSON FAMILY LLC,
39,5,1/27/2026,"January 27, 2026",
39,6,"1,031.33",1031.33,
39,7,1147226.01,1147197.01,29.0
39,8,4701705175,4701705024,151.0
39,12,OFFUTT EUGENE 7188,OFFUTT EUGENE 7187,
39,16,Gas,,
39,18,Royalty Interest,ROYALTY INTEREST,
39,21,11/30/2025,Nov 25,
39,22,3.05,3.02,0.029999999999999805
39,23,1.16,1.1475,0.012499999999999956
39,24,31.15,141.53,-110.38
39,25,95.01,427.55,-332.54
39,26,0,,
39,27,0,,
39,28,95.01,,
39,29,0.56,2.53,-1.9699999999999998
39,30,1.7,7.63,-5.93
39,31,0,,
39,32,0,,
39,33,1.7,,
40,1,DIVERSIFIED,"DIVERSIFIED PRODUCTION, LLC",
40,2,Wilson Johnson Family,WILSON-JOHNSON FAMILY LLC,
40,5,1/27/2026,"January 27, 2026",
40,6,"1,031.33",1031.33,
40,7,1147234.01,1147204.01,30.0
40,8,4701705219,4701705055,164.0
40,12,OFFUTT EUGENE 15004,SMITH J W 14258,
40,16,Gas,,
40,18,Royalty Interest,ROYALTY INTEREST,
40,19,0.01785715,0.010176,0.0076811499999999994
40,20,0.01785715,0.010176,0.0076811499999999994
40,21,11/30/2025,Nov 25,
40,23,1.23,1.2304,-0.00039999999999995595
40,24,50.74,196.71,-145.97
40,25,164.36,637.22,-472.86
40,26,0,,
40,27,0,,
40,28,164.36,,
40,29,0.91,2.0,-1.0899999999999999
40,30,2.94,6.48,-3.5400000000000005
40,31,0,,
40,32,0,,
40,33,2.94,,
41,1,DIVERSIFIED,"DIVERSIFIED PRODUCTION, LLC",
41,2,Wilson Johnson Family,WILSON-JOHNSON FAMILY LLC,
41,5,1/27/2026,"January 27, 2026",
41,6,"1,031.33",1031.33,
41,7,1147236.01,1147205.01,31.0
41,8,4701705252,4701705068,184.0
41,12,OFFUTT EUGENE 15005,SMITH J W 14257,
41,16,Gas,,
41,18,Royalty Interest,ROYALTY INTEREST,
41,19,0.01785715,0.010176,0.0076811499999999994
41,20,0.01785715,0.010176,0.0076811499999999994
41,21,11/30/2025,Nov 25,
41,22,3.06,3.24,-0.18000000000000016
41,23,1.16,1.2304,-0.07040000000000002
41,24,59.64,423.69,-364.05
41,25,182.79,1372.43,-1189.64
41,26,0,,
41,27,0,,
41,28,182.79,,
41,29,1.07,4.31,-3.2399999999999993
41,30,3.26,13.97,-10.71
41,31,0,,
41,32,0,,
41,33,3.26,,
42,1,DIVERSIFIED,"DIVERSIFIED PRODUCTION, LLC",
42,2,Wilson Johnson Family,WILSON-JOHNSON FAMILY LLC,
42,5,1/27/2026,"January 27, 2026",
42,6,"1,031.33",1031.33,
42,7,1147246.01,1147221.01,25.0
42,8,4701705472,4701705144,328.0
42,12,PEARCY C L 14922,BROADWATER F R 14259,
42,16,Gas,,
42,18,Royalty Interest,ROYALTY INTEREST,
42,19,0.075,0.010176,0.06482399999999999
42,20,0.075,0.010176,0.06482399999999999
42,21,11/30/2025,Nov 25,
42,22,3.22,3.32,-0.09999999999999964
42,23,1.22,1.2605,-0.04049999999999998
42,24,143.31,603.49,-460.18
42,25,461.91,2002.75,-1540.84
42,26,0,,
42,27,0,,
42,28,461.91,,
42,29,10.75,6.14,4.61
42,30,34.64,20.38,14.260000000000002
42,31,0,,
42,32,0,,
42,33,34.64,,
43,1,DIVERSIFIED,"DIVERSIFIED PRODUCTION, LLC",
43,2,Wilson Johnson Family,WILSON-JOHNSON FAMILY LLC,
43,5,1/27/2026,"January 27, 2026",
43,6,"1,031.33",1031.33,
43,7,1147247.01,1147226.01,21.0
43,8,4701705490,4701705175,315.0
43,12,PEARCY C L 14921,OFFUTT EUGENE 7188,
43,16,Gas,,
43,18,Royalty Interest,ROYALTY INTEREST,
43,19,0.075,0.01785715,0.057142849999999995
43,20,0.075,0.01785715,0.057142849999999995
43,21,11/30/2025,Nov 25,
43,22,3.22,3.05,0.17000000000000037
43,23,1.22,1.1586,0.0613999999999999
43,24,87.23,31.15,56.080000000000005
43,25,281.01,95.01,186.0
43,26,0,,
43,27,0,,
43,28,281.01,,
43,29,6.54,0.56,5.98
43,30,21.08,1.7,19.38
43,31,0,,
43,32,0,,
43,33,21.08,,
44,1,DIVERSIFIED,"DIVERSIFIED PRODUCTION, LLC",
44,2,Wilson Johnson Family,WILSON-JOHNSON FAMILY LLC,
44,5,1/27/2026,"January 27, 2026",
44,6,"1,031.33",1031.33,
44,7,1147254.01,1147234.01,20.0
44,8,4701705560,4701705219,341.0
44,12,GREYNOLDS LEVI 14473,OFFUTT EUGENE 15004,
44,16,Gas,,
44,18,Royalty Interest,ROYALTY INTEREST,
44,19,0.0078125,0.01785715,-0.010044649999999999
44,20,0.0078125,0.01785715,-0.010044649999999999
44,21,11/30/2025,Nov 25,
44,22,3.33,3.24,0.08999999999999986
44,23,1.27,1.2304,0.03960000000000008
44,24,45.4,50.74,-5.340000000000003
44,25,151.28,164.36,-13.080000000000013
44,26,0,,
44,27,0,,
44,28,151.28,,
44,29,0.35,0.91,-0.56
44,30,1.18,2.94,-1.76
44,31,0,,
44,32,0,,
44,33,1.18,,
45,1,DIVERSIFIED,"DIVERSIFIED PRODUCTION, LLC",
45,2,Wilson Johnson Family,WILSON-JOHNSON FAMILY LLC,
45,5,1/27/2026,"January 27, 2026",
45,6,"1,031.33",1031.33,
45,7,1147294.01,1147234.01,60.0
45,8,4701705843,4701705219,624.0
45,12,SMITH J W 14256,OFFUTT EUGENE 15004,
45,16,Gas,,
45,18,Royalty Interest,,
45,19,0.010176,,
45,20,0.010176,,
45,21,11/30/2025,,
45,22,3.22,,
45,23,1.22,,
45,24,220.74,,
45,25,710.2,,
45,26,0,,
45,27,0,,
45,28,710.2,,
45,29,2.25,,
45,30,7.23,,
45,31,0,,
45,32,0,,
45,33,7.23,,
46,1,DIVERSIFIED,"DIVERSIFIED PRODUCTION, LLC",
46,2,Wilson Johnson Family,WILSON-JOHNSON FAMILY LLC,
46,5,1/27/2026,"January 27, 2026",
46,6,"1,031.33",1031.33,
46,7,1147300.01,1147236.01,64.0
46,8,4701705942,4701705252,690.0
46,12,DAVIS 405035,OFFUTT EUGENE 15005,
46,16,Gas,,
46,18,Royalty Interest,ROYALTY INTEREST,
46,19,0.00035,0.01785715,-0.01750715
46,20,0.00035,0.01785715,-0.01750715
46,21,11/30/2025,Nov 25,
46,22,3.32,3.06,0.2599999999999998
46,23,1.26,1.1642,0.09580000000000011
46,24,"1,186.50",59.64,
46,25,"3,938.89",182.79,
46,26,0,,
46,27,0,,
46,28,"3,938.89",,
46,29,0.42,1.07,-0.6500000000000001
46,30,1.38,3.26,-1.88
46,31,0,,
46,32,0,,
46,33,1.38,,
47,1,DIVERSIFIED,"DIVERSIFIED PRODUCTION, LLC",
47,2,Wilson Johnson Family,WILSON-JOHNSON FAMILY LLC,
47,5,1/27/2026,"January 27, 2026",
47,6,"1,031.33",1031.33,
47,7,1147302.01,1147246.01,56.0
47,8,4701705973,4701705472,501.0
47,12,SMITH J W 32304,PEARCY C L 14922,
47,16,Gas,,
47,18,Royalty Interest,ROYALTY INTEREST,
47,19,0.010176,0.075,-0.06482399999999999
47,20,0.010176,0.075,-0.06482399999999999
47,21,11/30/2025,Nov 25,
47,22,3.24,3.22,0.020000000000000018
47,23,1.23,1.2244,0.005600000000000049
47,24,514.48,143.31,371.17
47,25,"1,666.53",461.91,
47,26,0,,
47,27,0,,
47,28,"1,666.53",,
47,29,5.24,10.75,-5.51
47,30,16.96,34.64,-17.68
47,31,0,,
47,32,0,,
47,33,16.96,,
48,1,DIVERSIFIED,"DIVERSIFIED PRODUCTION, LLC",
48,2,Wilson Johnson Family,WILSON-JOHNSON FAMILY LLC,
48,5,1/27/2026,"January 27, 2026",
48,6,"1,031.33",1031.33,
48,7,1147303.01,1147247.01,56.0
48,8,4701705974,4701705490,484.0
48,12,SMITH J W 34993,PEARCY C L 14921,
48,16,Gas,,
48,18,Royalty Interest,ROYALTY INTEREST,
48,19,0.010176,0.075,-0.06482399999999999
48,20,0.010176,0.075,-0.06482399999999999
48,21,11/30/2025,Nov 25,
48,22,3.24,3.22,0.020000000000000018
48,23,1.23,1.2238,0.006199999999999983
48,24,"1,059.22",87.23,
48,25,"3,431.09",281.01,
48,26,0,,
48,27,0,,
48,28,"3,431.09",,
48,29,10.78,6.54,4.239999999999999
48,30,34.91,21.08,13.829999999999998
48,31,0,,
48,32,0,,
48,33,34.91,,
49,1,DIVERSIFIED,"DIVERSIFIED PRODUCTION, LLC",
49,2,Wilson Johnson Family,WILSON-JOHNSON FAMILY LLC,
49,5,1/27/2026,"January 27, 2026",
49,6,"1,031.33",1031.33,
49,7,1147304.01,1147254.01,50.0
49,8,4701705976,4701705560,416.0
49,12,SMITH J W 32309,GREYNOLDS LEVI 14473,
49,16,Gas,,
49,18,Royalty Interest,ROYALTY INTEREST,
49,19,0.010176,0.0078125,0.0023634999999999993
49,20,0.010176,0.0078125,0.0023634999999999993
49,21,11/30/2025,Nov 25,
49,22,3.24,3.33,-0.08999999999999986
49,23,1.23,1.2659,-0.03590000000000004
49,24,393.42,45.4,348.02000000000004
49,25,"1,274.38",151.28,
49,26,0,,
49,27,0,,
49,28,"1,274.38",,
49,29,4,0.35,3.65
49,30,12.97,1.18,11.790000000000001
49,31,0,,
49,32,0,,
49,33,12.97,,
50,1,DIVERSIFIED,"DIVERSIFIED PRODUCTION, LLC",
50,2,Wilson Johnson Family,WILSON-JOHNSON FAMILY LLC,
50,5,1/27/2026,"January 27, 2026",
50,6,"1,031.33",1031.33,
50,7,1199478.01,1147294.01,52184.0
50,8,4708500165,4701705843,6794322.0
50,12,JONES 1481,SMITH J W 14256,
50,14,RITCHIE,DODDRIDGE,
50,16,Gas,,
50,18,Royalty Interest,ROYALTY INTEREST,
50,19,0,0.010176,-0.010176
50,20,0,0.010176,-0.010176
50,21,1/31/2026,Nov 25,
50,22,0,3.22,-3.22
50,23,1,1.2221,-0.22209999999999996
50,24,0,220.74,-220.74
50,25,0,710.2,-710.2
50,26,0,,
50,27,0,,
50,28,0,,
50,29,0,2.25,-2.25
50,30,45,7.23,37.769999999999996
50,31,0,,
50,32,0,,
50,33,45,,
51,1,DIVERSIFIED,"DIVERSIFIED PRODUCTION, LLC",
51,2,Wilson Johnson Family,WILSON-JOHNSON FAMILY LLC,
51,5,1/27/2026,"January 27, 2026",
51,6,"1,031.33",1031.33,
51,7,1199891.01,1147300.01,52591.0
51,8,4701703223,4701705942,-2719.0
51,12,"SMITH, H L 1874",DAVIS 405035,
51,16,Gas,,
51,18,Royalty Interest,ROYALTY INTEREST,
51,19,0.125,0.00035,0.12465
51,20,0.125,0.00035,0.12465
51,21,11/30/2025,Nov 25,
51,22,3.19,3.32,-0.1299999999999999
51,23,1.21,1.2611,-0.051100000000000145
51,24,123.99,1186.5,-1062.51
51,25,395.23,3938.89,-3543.66
51,26,0,,
51,27,0,,
51,28,395.23,,
51,29,15.5,0.42,15.08
51,30,49.4,1.38,48.019999999999996
51,31,0,,
51,32,0,,
51,33,49.4,,
52,1,DIVERSIFIED,"DIVERSIFIED PRODUCTION, LLC",
52,2,Wilson Johnson Family,WILSON-JOHNSON FAMILY LLC,
52,5,1/27/2026,"January 27, 2026",
52,6,"1,031.33",1031.33,
52,7,1199984.01,1147302.01,52682.0
52,8,4708503917,4701705973,6797944.0
52,12,WILSON 536,SMITH J W 32304,
52,14,RITCHIE,DODDRIDGE,
52,16,Gas,,
52,18,Royalty Interest,ROYALTY INTEREST,
52,19,0,0.010176,-0.010176
52,20,0,0.010176,-0.010176
52,21,1/31/2026,Nov 25,
52,22,0,3.24,-3.24
52,23,1,1.2304,-0.23039999999999994
52,24,0,514.48,-514.48
52,25,0,1666.53,-1666.53
52,26,0,,
52,27,0,,
52,28,0,,
52,29,0,5.24,-5.24
52,30,150,16.96,133.04
52,31,0,,
52,32,0,,
52,33,150,,
53,1,DIVERSIFIED,"DIVERSIFIED PRODUCTION, LLC",
53,2,Wilson Johnson Family,WILSON-JOHNSON FAMILY LLC,
53,5,1/27/2026,"January 27, 2026",
53,6,"1,031.33",1031.33,
53,7,1199985.01,1147302.01,52683.0
53,8,4708503921,4701705973,6797948.0
53,12,WILSON 741,SMITH J W 32304,
53,14,RITCHIE,DODDRIDGE,
53,16,Gas,,
53,18,Royalty Interest,,
53,19,0,,
53,20,0,,
53,21,1/31/2026,,
53,22,0,,
53,23,1,,
53,24,0,,
53,25,0,,
53,26,0,,
53,27,0,,
53,28,0,,
53,29,0,,
53,30,187.5,,
53,31,0,,
53,32,0,,
53,33,187.5,,
54,1,DIVERSIFIED,"DIVERSIFIED PRODUCTION, LLC",
54,2,Wilson Johnson Family,WILSON-JOHNSON FAMILY LLC,
54,5,1/27/2026,"January 27, 2026",
54,6,"1,031.33",1031.33,
54,7,1200016.01,1147303.01,52713.0
54,8,4703305872,4701705974,1599898.0
54,12,GOODWIN 2V NORTH,SMITH J W 34993,
54,14,HARRISON,DODDRIDGE,
54,16,Gas,,
54,18,Royalty Interest,ROYALTY INTEREST,
54,19,0.00053796,0.010176,-0.009638039999999999
54,20,0.00053796,0.010176,-0.009638039999999999
54,21,11/30/2025,Nov 25,
54,22,0,3.24,-3.24
54,23,1,1.2304,-0.23039999999999994
54,24,0,1059.22,-1059.22
54,25,0,3431.09,-3431.09
54,26,0,,
54,27,0,,
54,28,0,,
54,29,0,10.78,-10.78
54,30,0,34.91,-34.91
54,31,0,,
54,32,0,,
54,33,0,,
55,1,DIVERSIFIED,"DIVERSIFIED PRODUCTION, LLC",
55,2,Wilson Johnson Family,WILSON-JOHNSON FAMILY LLC,
55,5,1/27/2026,"January 27, 2026",
55,6,"1,031.33",1031.33,
55,7,1200016.01,1147304.01,52712.0
55,8,4703305872,4701705976,1599896.0
55,12,GOODWIN 2V NORTH,SMITH J W 32309,
55,14,HARRISON,DODDRIDGE,
55,16,Gas,,
55,18,Royalty Interest,ROYALTY INTEREST,
55,19,0.00053796,0.010176,-0.009638039999999999
55,20,0.00053796,0.010176,-0.009638039999999999
55,21,3/31/2025,Nov 25,
55,22,3.41,3.24,0.16999999999999993
55,23,1.03,1.2304,-0.2003999999999999
55,24,89.74,393.42,-303.68
55,25,305.9,1274.38,-968.4800000000001
55,26,0,,
55,27,0,,
55,28,305.9,,
55,29,0.05,4.0,-3.95
55,30,0.16,12.97,-12.81
55,31,0,,
55,32,0,,
55,33,0.16,,
56,1,DIVERSIFIED,"DIVERSIFIED PRODUCTION, LLC",
56,2,Wilson Johnson Family,WILSON-JOHNSON FAMILY LLC,
56,5,1/27/2026,"January 27, 2026",
56,6,"1,031.33",1031.33,
56,7,1200016.01,1199891.01,125.0
56,8,4703305872,4701703223,1602649.0
56,12,GOODWIN 2V NORTH,"SMITH, H L 1874, LATITUDE: 39.44038436 LONGITUDE: -80.58571830",
56,14,HARRISON,DODDRIDGE,
56,16,Gas,,
56,18,Royalty Interest,ROYALTY INTEREST,
56,19,0.00053796,0.125,-0.12446204
56,20,0.00053796,0.125,-0.12446204
56,21,12/31/2024,Nov 25,
56,22,3.11,3.19,-0.08000000000000007
56,23,1.06,1.2116,-0.15159999999999996
56,24,165,123.99,41.010000000000005
56,25,512.41,395.23,117.17999999999995
56,26,0,,
56,27,0,,
56,28,512.41,,
56,29,0.09,15.5,-15.41
56,30,0.28,49.4,-49.12
56,31,0,,
56,32,0,,
56,33,0.28,,
57,1,DIVERSIFIED,"DIVERSIFIED PRODUCTION, LLC",
57,2,Wilson Johnson Family,WILSON-JOHNSON FAMILY LLC,
57,5,1/27/2026,"January 27, 2026",
57,6,"1,031.33",1031.33,
57,16,Gas,,
57,18,Royalty Interest,,
57,19,0.00053796,,
57,20,0.00053796,,
57,21,2/28/2025,,
57,22,3.46,,
57,23,1.07,,
57,24,133.16,,
57,25,461.2,,
57,26,0,,
57,27,0,,
57,28,461.2,,
57,29,0.07,,
57,30,0.25,,
57,31,0,,
57,32,0,,
57,33,0.25,,
58,1,DIVERSIFIED,"DIVERSIFIED PRODUCTION, LLC",
58,2,Wilson Johnson Family,WILSON-JOHNSON FAMILY LLC,
58,5,1/27/2026,"January 27, 2026",
58,6,"1,031.33",1031.33,
58,16,Gas,,
58,18,Royalty Interest,ROYALTY INTEREST,
58,20,0.00053796,0.0,0.00053796
58,21,8/31/2025,Nov 25,
58,22,2.34,0.0,2.34
58,23,1.09,1.0,0.09000000000000008
58,24,-137.98,0.0,-137.98
58,25,-322.91,0.00053796,-322.91053796
58,26,0,,
58,27,0,,
58,28,-322.91,,
58,29,-0.07,0.0,-0.07
58,30,-0.17,,
58,31,0,,
58,32,0,,
58,33,-0.17,,
59,1,DIVERSIFIED,"DIVERSIFIED PRODUCTION, LLC",
59,2,Wilson Johnson Family,WILSON-JOHNSON FAMILY LLC,
59,5,1/27/2026,"January 27, 2026",
59,6,"1,031.33",1031.33,
59,16,Gas,,
59,18,Royalty Interest,ROYALTY INTEREST,
59,21,8/31/2025,Mar 25,
59,22,2.34,3.41,-1.0700000000000003
59,23,1.09,1.0328,0.05720000000000014
59,24,147.63,89.74,57.89
59,25,345.92,305.9,40.02000000000004
59,26,0,,
59,27,0,,
59,28,345.92,,
59,29,0.08,0.05,0.03
59,30,0.19,0.16,0.03
59,31,0,,
59,32,0,,
59,33,0.19,,
60,1,DIVERSIFIED,"DIVERSIFIED PRODUCTION, LLC",
60,2,Wilson Johnson Family,WILSON-JOHNSON FAMILY LLC,
60,5,1/27/2026,"January 27, 2026",
60,6,"1,031.33",1031.33,
60,16,Gas,,
60,18,Royalty Interest,ROYALTY INTEREST,
60,21,1/31/2025,Dec 24,
60,22,3.4,3.11,0.29000000000000004
60,23,1.13,1.0588,0.07119999999999993
60,24,66.58,165.0,-98.42
60,25,226.25,512.41,-286.15999999999997
60,26,0,,
60,27,0,,
60,28,226.25,,
60,29,0.04,0.09,-0.049999999999999996
60,30,0.12,0.28,-0.16000000000000003
60,31,0,,
60,32,0,,
60,33,0.12,,
61,1,DIVERSIFIED,"DIVERSIFIED PRODUCTION, LLC",
61,2,Wilson Johnson Family,WILSON-JOHNSON FAMILY LLC,
61,5,1/27/2026,"January 27, 2026",
61,6,"1,031.33",1031.33,
61,16,Gas,,
61,18,Royalty Interest,ROYALTY INTEREST,
61,21,11/30/2024,Feb 25,
61,22,1.86,3.46,-1.5999999999999999
61,23,1.17,1.0653,0.10470000000000002
61,24,172.72,133.16,39.56
61,25,321.88,461.2,-139.32
61,26,0,,
61,27,0,,
61,28,321.88,,
61,29,0.09,0.07,0.01999999999999999
61,30,0.17,0.25,-0.07999999999999999
61,31,0,,
61,32,0,,
61,33,0.17,,
62,1,DIVERSIFIED,"DIVERSIFIED PRODUCTION, LLC",
62,2,Wilson Johnson Family,WILSON-JOHNSON FAMILY LLC,
62,5,1/27/2026,"January 27, 2026",
62,6,"1,031.33",1031.33,
62,16,Gas,,
62,18,Royalty Interest,ROYALTY INTEREST,
62,21,7/31/2025,Aug 25,
62,22,2.41,2.34,0.07000000000000028
62,23,1.18,1.0871,0.09289999999999998
62,24,139.91,-137.98,277.89
62,25,336.62,-322.91,659.53
62,26,0,,
62,27,0,,
62,28,336.62,,
62,29,0.08,-0.07,0.15000000000000002
62,30,0.18,-0.17,0.35
62,31,0,,
62,32,0,,
62,33,0.18,,
63,1,DIVERSIFIED,"DIVERSIFIED PRODUCTION, LLC",
63,2,Wilson Johnson Family,WILSON-JOHNSON FAMILY LLC,
63,5,1/27/2026,"January 27, 2026",
63,6,"1,031.33",1031.33,
63,16,Gas,,
63,18,Royalty Interest,ROYALTY INTEREST,
63,21,4/30/2025,Aug 25,
63,22,3.42,2.34,1.08
63,23,1.2,1.0885,0.11149999999999993
63,24,71.4,147.63,-76.22999999999999
63,25,244,345.92,-101.92000000000002
63,26,0,,
63,27,0,,
63,28,244,,
63,29,0.04,0.08,-0.04
63,30,0.13,0.19,-0.06
63,31,0,,
63,32,0,,
63,33,0.13,,
64,1,DIVERSIFIED,"DIVERSIFIED PRODUCTION, LLC",
64,2,Wilson Johnson Family,WILSON-JOHNSON FAMILY LLC,
64,5,1/27/2026,"January 27, 2026",
64,6,"1,031.33",1031.33,
64,16,Gas,,
64,18,Royalty Interest,ROYALTY INTEREST,
64,21,6/30/2025,Jan 25,
64,22,2.39,3.4,-1.0099999999999998
64,23,1.21,1.1277,0.08230000000000004
64,24,59.82,66.58,-6.759999999999998
64,25,143.19,226.25,-83.06
64,26,0,,
64,27,0,,
64,28,143.19,,
64,29,0.03,0.04,-0.010000000000000002
64,30,0.08,0.12,-0.039999999999999994
64,31,0,,
64,32,0,,
64,33,0.08,,
65,1,DIVERSIFIED,"DIVERSIFIED PRODUCTION, LLC",
65,2,Wilson Johnson Family,WILSON-JOHNSON FAMILY LLC,
65,5,1/27/2026,"January 27, 2026",
65,6,"1,031.33",1031.33,
65,16,Gas,,
65,18,Royalty Interest,ROYALTY INTEREST,
65,21,11/30/2025,Nov 24,
65,22,3.34,1.86,1.4799999999999998
65,23,1.27,1.1713,0.09870000000000001
65,24,104.21,172.72,-68.51
65,25,348.16,321.88,26.28000000000003
65,26,0,,
65,27,0,,
65,28,348.16,,
65,29,0.06,0.09,-0.03
65,30,0.19,0.17,0.01999999999999999
65,31,0,,
65,32,0,,
65,33,0.19,,
66,1,DIVERSIFIED,"DIVERSIFIED PRODUCTION, LLC",
66,2,Wilson Johnson Family,WILSON-JOHNSON FAMILY LLC,
66,5,1/27/2026,"January 27, 2026",
66,6,"1,031.33",1031.33,
66,16,Gas,,
66,18,Royalty Interest,ROYALTY INTEREST,
66,21,5/31/2025,Jul 25,
66,22,3.2,2.41,0.79
66,23,1.39,1.1767,0.21329999999999982
66,24,72.37,139.91,-67.53999999999999
66,25,231.73,336.62,-104.89000000000001
66,26,0,,
66,27,0,,
66,28,231.73,,
66,29,0.04,0.08,-0.04
66,30,0.12,0.18,-0.06
66,31,0,,
66,32,0,,
66,33,0.12,,
67,1,,"DIVERSIFIED PRODUCTION, LLC",
67,2,,WILSON-JOHNSON FAMILY LLC,
67,3,,1064941,
67,4,,5001502951,
67,5,,"January 27, 2026",
67,6,,1031.33,
67,7,,1200016.01,
67,8,,4703305872,
67,12,,GOODWIN 2V NORTH,
67,13,,WV,
67,14,,HARRISON,
67,18,,ROYALTY INTEREST,
67,19,,0.00053796,
67,20,,0.00053796,
67,21,,Apr 25,
67,22,,3.42,
67,23,,1.2039,
67,24,,71.4,
67,25,,244.0,
67,29,,0.04,
67,30,,0.13,
68,1,,"DIVERSIFIED PRODUCTION, LLC",
68,2,,WILSON-JOHNSON FAMILY LLC,
68,3,,1064941,
68,4,,5001502951,
68,5,,"January 27, 2026",
68,6,,1031.33,
68,7,,1200016.01,
68,8,,4703305872,
68,12,,GOODWIN 2V NORTH,
68,13,,WV,
68,14,,HARRISON,
68,18,,ROYALTY INTEREST,
68,19,,0.00053796,
68,20,,0.00053796,
68,21,,Jun 25,
68,22,,2.39,
68,23,,1.2106,
68,24,,59.82,
68,25,,143.19,
68,29,,0.03,
68,30,,0.08,
69,1,,"DIVERSIFIED PRODUCTION, LLC",
69,2,,WILSON-JOHNSON FAMILY LLC,
69,3,,1064941,
69,4,,5001502951,
69,5,,"January 27, 2026",
69,6,,1031.33,
69,7,,1200016.01,
69,8,,4703305872,
69,12,,GOODWIN 2V NORTH,
69,13,,WV,
69,14,,HARRISON,
69,18,,ROYALTY INTEREST,
69,19,,0.00053796,
69,20,,0.00053796,
69,21,,Nov 25,
69,22,,3.34,
69,23,,1.2692,
69,24,,104.21,
69,25,,348.16,
69,29,,0.06,
69,30,,0.19,
70,1,,"DIVERSIFIED PRODUCTION, LLC",
70,2,,WILSON-JOHNSON FAMILY LLC,
70,3,,1064941,
70,4,,5001502951,
70,5,,"January 27, 2026",
70,6,,1031.33,
70,7,,1200016.01,
70,8,,4703305872,
70,12,,GOODWIN 2V NORTH,
70,13,,WV,
70,14,,HARRISON,
70,18,,ROYALTY INTEREST,
70,19,,0.00053796,
70,20,,0.00053796,
70,21,,May 25,
70,22,,3.2,
70,23,,1.3934,
70,24,,72.37,
70,25,,231.73,
70,29,,0.04,
70,30,,0.12,
